	sample.id	time	type	strain	strain_time	Observed	Shannon	Depth
SB1-Sauv0	SB1-Sauv0	t0	sample	wildtype	wildtype_t0	41	1.47747487480583	29356
SB10-Mut0	SB10-Mut0	t0	sample	mutant	mutant_t0	40	2.07309773714079	25949
SB11-Mut0	SB11-Mut0	t0	sample	mutant	mutant_t0	51	2.17827998602791	19918
SB12-Mut0	SB12-Mut0	t0	sample	mutant	mutant_t0	38	2.11649668870246	30395
SB13-Sauv50	SB13-Sauv50	t50	sample	wildtype	wildtype_t50	46	2.69063769880293	21859
SB14-Sauv50	SB14-Sauv50	t50	sample	wildtype	wildtype_t50	57	2.90475800987501	29029
SB15-Sauv50	SB15-Sauv50	t50	sample	wildtype	wildtype_t50	50	2.79272028108198	25273
SB16-Sauv50	SB16-Sauv50	t50	sample	wildtype	wildtype_t50	52	2.80034936739092	26802
SB17-Sauv50	SB17-Sauv50	t50	sample	wildtype	wildtype_t50	49	2.62431320226266	24186
SB18-Sauv50	SB18-Sauv50	t50	sample	wildtype	wildtype_t50	54	2.83118497903182	26666
SB19-Mut50	SB19-Mut50	t50	sample	mutant	mutant_t50	66	2.63795959965715	18077
SB2-Sauv0	SB2-Sauv0	t0	sample	wildtype	wildtype_t0	26	2.09859013211172	24234
SB20-Mut50	SB20-Mut50	t50	sample	mutant	mutant_t50	72	2.72144653147579	28898
SB21-Mut50	SB21-Mut50	t50	sample	mutant	mutant_t50	79	3.06214138617574	21017
SB22-Mut50	SB22-Mut50	t50	sample	mutant	mutant_t50	81	2.8096575960063	25344
SB23-Mut50	SB23-Mut50	t50	sample	mutant	mutant_t50	84	3.17474186259088	28073
SB24-Mut50	SB24-Mut50	t50	sample	mutant	mutant_t50	90	3.14792085993013	30773
SB3-Sauv0	SB3-Sauv0	t0	sample	wildtype	wildtype_t0	19	0.196231065154139	34506
SB4-Sauv0	SB4-Sauv0	t0	sample	wildtype	wildtype_t0	41	2.51997842885886	22110
SB5-Sauv0	SB5-Sauv0	t0	sample	wildtype	wildtype_t0	46	1.9230446129174	30165
SB6-Sauv0	SB6-Sauv0	t0	sample	wildtype	wildtype_t0	46	1.06693805388195	27763
SB7-Mut0	SB7-Mut0	t0	sample	mutant	mutant_t0	33	2.25591353188859	21560
SB8-Mut0	SB8-Mut0	t0	sample	mutant	mutant_t0	58	2.08863906101534	29000
SB9-Mut0	SB9-Mut0	t0	sample	mutant	mutant_t0	50	2.23743848865899	27296
